# This is the official list of people who have contributed code to
# tsuru.
# The AUTHORS file lists the copyright holders; this file lists people.
# For example, Globo.com employees are listed here but not in AUTHORS,
# because Globo.com holds the copyright.
#
# Please keep this file sorted, and group users with multiple emails.

Alan Justino da Silva <alan.justino@yahoo.com.br>
Alberto Leal <albertonb@gmail.com>
Alessandro Corbelli <alessandro.corbelli@guest.it>
André Carvalho <andre.carvalho@corp.globo.com> <asantostc@gmail.com>
Andrews Medina <andrewsmedina@gmail.com>
Anna Shipman <anna@annashipman.co.uk>
Arthur Cavalcante <arthur.cavalcante.puc@gmail.com>
Arthur Silva <arthur@Mac179039.local> <arthur.001.002@gmail.com> <arxdsilva@gmail.com>
Avelino <thiago@avelino.xxx>
Bernardo Heynemann <heynemann@gmail.com>
Bernardo Lins <bernardolins28@gmail.com>
Bruno Arueira <contato@brunoarueira.com>
Bruno Barbosa <bsbruno1@gmail.com> <bruno.barbosa@corp.globo.com>
Bruno Torres <brunolct@live.com>
Caio Quinilato Teixeira <cqteixeira@live.com>
Cezar Sa Espinola <cezarsa@gmail.com> <cezar.sa@corp.globo.com>
Claudio Netto <nettinhorama@gmail.com> <nettoclaudio@ufrj.br>
Damian Gryski <damian@gryski.com>
Dan Carley <dan.carley@gmail.com>
Dan Hilton <daniel.hilton@gmail.com>
Dan van Wijk <dan@van-wijk.se>
Daniel Banck <daniel@dbanck.de>
Danilo Bardusco <bardusco@gmail.com> <danilo@bardusco.com>
David Kröll <david.kroell@outlook.com>
Davor Kapsa <davor.kapsa@gmail.com>
Denis Aoki <dnsaoki@gmail.com>
Dennis Nguyen <dnguy078@ucr.edu>
Diego Araujo <diegoaraujo@usp.br>
Diego Toral <diegotoral@gmail.com>
Diogo Munaro Vieira <diogo.mvieira@gmail.com>
Evandro Flores <eof@eof.com.br>
Fábio C. Barrionuevo da Luz <bnafta@gmail.com>
Fares Rihani <anchepiece@gmail.com>
Felipe Oliveira <felipeweb.programador@gmail.com>
Felippe da Motta Raposo <raposo.felippe@gmail.com>
Flavia Missi <flaviamissi@gmail.com>
Francisco Souza <f@souza.cc> <fss@corp.globo.com> <franciscossouza@gmail.com>
Gabriel Cardoso <gabriel.cardoso@corp.globo.com>
Gary Burd <gary@beagledreams.com>
George Fleury <gfleury@gmail.com>
George Moura <gwmoura@gmail.com>
Giuseppe Ciotta <gciotta@gmail.com>
Glaucia Peres <gauperes@gmail.com>
Guilherme <guivideojob@gmail.com>
Guilherme Bruzzi <guibruzzi@gmail.com>
Guilherme Garnier <guilherme.garnier@gmail.com>
Guilherme Paixão <guiferpa@gmail.com>
Guilherme Rezende <guilhermebr@gmail.com>
Gustavo Henrique <gustavo@gustavohenrique.net>
Hugo Seixas Antunes <hugo.santunes@gmail.com>
Igor Fernandes <igor.fernandes@corp.globo.com>
Isaiah Peng <issaria@gmail.com>
Iuri de Silvio <iurisilvio@gmail.com>
James Pic <jpic@users.noreply.github.com>
João Guio <joaoluisguio@gmail.com> <joao.guio@corp.globo.com>
João Paulo Vieira <vieira.joaopaulo@hotmail.com> <joaopaulo.vieira@corp.globo.com>
Jordan Danford <jordandanford@gmail.com>
Josh Blancett <joshblancett@gmail.com>
Juan Carlos <juanjcsr@gmail.com>
Julio Lustosa <contato@juliolustosa.com.br>
Kasra Fakhari <kasraf1373@gmail.com>
Leandro Souza <leandro.souza@hotelurbano.com.br>
Logan Tran <loganmartintran@gmail.com>
Lucas Weiblen <lucasweiblen@gmail.com> <lucas.weiblen@gmail.com>
Luiz Guilherme P. Santos <luiz.santos@corp.globo.com>
Magno Torres <magno@corp.globo.com> <magnotorres@gmail.com>
Manoel Domingues Junior <manoel.junior@corp.globo.com>
Manoel Domingues Junior <manoel.domingues.junior@gmail.com>
Marc Abramowitz <msabramo@gmail.com> <marc@marc-abramowitz.com>
Marcelo Jorge Vieira <metal@alucinados.com>
Marco Paulo Ollivier <marcopollivier@gmail.com>
Marco Sinhoreli <msinhore@gmail.com>
Marcus Cartágenes <mvcartagenes@gmail.com>
Marcus Vinicius de Farias Barbosa <vinifarias.vf@gmail.com>
Martin Jackson <mjackson@equalexperts.com>
Mateus Del Bianco <mateus@delbianco.net.br>
Mauro Murari <mauro_murari@hotmail.com>
Maycon Dionisio <maycon.dionisio@corp.globo.com>
Mayza Oliveira <mayza.deoliveira@gmail.com>
Michael <hfeeki@gmail.com>
Mori Reo <reoring@craftsman-software.com>
Nelson Marcos <nelsonmarcos@gmail.com>
Pablo Aguiar <scorphus@gmail.com>
Paulo Alem <paulo.alem@corp.globo.com>
Paulo Sousa <paulo.sousa@corp.globo.com> <psousa@morpheu.org>
Pedro Medeiros <pedrosnk@gmail.com>
Pedro Mendes <pedrolopesme@gmail.com>
Philip Tzou <philip.npc@gmail.com>
Piotr Komborski <piotr.komborski@gmail.com>
Rael Max <rael.nascimento@corp.globo.com> <contato@raelmax.com>
Rafael Eyng <rafaeleyng@gmail.com>
Rafael Fragoso <rafael.fragoso@corp.globo.com>
Raniere Fernandes <Raninho@Raninho.com.br>
Raphael Amorim <rapha850@gmail.com>
Raul Gabrich <raul.freitas@corp.globo.com> <raulgbrmf@gmail.com>
Renan Mendes Carvalho <renan.carvalho@corp.globo.com>
Renan Oliveira <renan@corp.globo.com> <renan.gpa@gmail.com>
Richard Knop <risoknop@gmail.com>
Rodrigo Brito <rig.10@hotmail.com>
Rodrigo Chacon <rochacon@gmail.com>
Rodrigo Oliveira <rol@tradeshift.com>
Rogério Yokomizo <me@ro.ger.io>
Samuel ROZE <samuel.roze@gmail.com>
Sergey Koulikov <sergeykoulikov2011@gmail.com>
Sidnei da Silva <sidnei.da.silva@canonical.com>
Simon Woldemichael <b30bd351371c686298d32281b337e8@gmail.com>
Stephanie Cardoso <stephanie.cardoso@corp.globo.com>
Steve Phillips <elimisteve@gmail.com>
Tarsis Azevedo <tarsis.azevedo@gmail.com>
Thinh Nguyen <Taik@users.noreply.github.com>
Vitor Falcão <vitor.falcaor@gmail.com>
Wiliam Souza <wiliamsouza83@gmail.com>
Wilson Júnior <wilsonpjunior@gmail.com>
Yeshwanth Kumar <morpheyesh@gmail.com>
